SGPA_Sem1,SGPA_Sem2,SGPA_Sem3,SGPA_Sem4,Attendance,Study_Hours,Extracurricular,Backlogs,CGPA,Predicted_CGPA
6.872700594236813,8.490808570098725,5.925664644193098,7.59540892568109,63.0852841867953,8.447670298956726,0,4,7.221145683552432,7.221145683552433
9.75357153204958,7.680481831720602,7.709504736891791,7.395909388148655,62.3489399536,7.880750151892458,0,0,8.134866872202657,8.13486687220266
8.659969709057025,6.547638081431639,9.364729179382042,5.1282103290321785,95.31272902605184,6.16176056310016,0,4,7.425136824725721,7.425136824725722
7.993292420985183,9.068975098534745,8.661124432047806,6.7062391381307815,62.477309992475305,9.604424292507398,1,4,8.10740777242463,8.10740777242463
5.780093202212183,8.423655862769397,9.03280573930725,6.900978093929285,63.59748630643155,2.804270639755625,0,4,7.534383224554529,7.534383224554531
5.779972601681013,5.813084696724457,8.293916833553586,6.994113904484502,87.96991312089818,1.9833778927865928,1,1,6.720272009110889,6.720272009110889
5.290418060840997,9.554635922469211,8.461382822589263,7.900861846136662,72.486992122527,8.6856577025988,1,0,7.801824663009034,7.801824663009034
9.330880728874677,9.112686214615843,9.245978257826597,7.668012733634392,88.83552784775907,4.952348349703735,0,4,8.839389483737877,8.839389483737877
8.005575058716044,9.74899956645962,6.248340044295929,8.039525463967223,53.26830787821926,8.622719687863544,0,4,8.010610033359704,8.010610033359706
8.540362888980226,8.6285975419418,7.447124818215702,8.824416307710642,74.37855968366921,9.037811846758734,1,1,8.360125389212094,8.360125389212094
5.102922471479012,8.06707597967895,6.106047209098011,9.064928693580468,51.680680009164135,1.562118342571643,1,0,7.085243588459111,7.085243588459111
9.849549260809972,7.091215181453094,9.938340039983236,8.590615381132473,53.13266017276773,8.951182866874547,0,2,8.867429965844693,8.867429965844696
9.162213204002107,9.663642416770069,9.720296698433067,9.777618479774674,95.32187266722056,5.0348714983248,0,1,9.58094269974498,9.580942699744979
6.061695553391381,9.330319447502042,5.197134056842529,5.091162913381808,56.96226855587976,5.59389240103809,0,0,6.42007799277944,6.420077992779442
5.909124836035503,5.226093350530947,8.527875862578442,5.978889928417731,76.62103411376086,6.639332599838892,1,4,6.410495994390656,6.410495994390657
5.917022549267169,5.13183487248626,9.62624158707833,5.037814374890711,70.55478013003533,9.33744346057078,1,0,6.428228345930617,6.428228345930619
6.521211214797688,6.882316834390248,5.902876725636668,8.237373570773014,67.36716631294213,1.1720448498678762,1,0,6.885944586399406,6.885944586399406
7.623782158161189,9.052766653909163,7.839726152763147,9.490152744749937,94.9916672843636,5.291591214860354,1,0,8.501606927395859,8.501606927395859
7.159725093210579,9.936380646574722,9.57744148794021,6.217411482881497,51.09116983877448,7.189498381875046,1,2,8.222739677651752,8.222739677651754
6.456145700990209,5.752084455517641,5.169729892928994,9.635172723981531,83.18948430877946,7.504362619284056,0,0,6.753283193354594,6.753283193354594
8.059264473611897,7.970653576760675,8.4871013362342,5.301336951447804,98.16972171067752,7.232791883833972,0,2,7.454589084513644,7.454589084513644
5.697469303260209,6.904454283155108,6.486745036862754,9.67218013402757,78.0084091730921,2.2099161646730967,1,4,7.19021218932641,7.19021218932641
6.4607232426760905,9.849571989073016,9.621980976882652,6.7581134361981725,96.8411231016546,3.694560295345131,1,2,8.172597411207484,8.172597411207482
6.831809216468459,9.210594615678543,9.85529122582684,5.5071041422460825,52.61289396430119,4.228439728753122,0,4,7.851199800054981,7.8511998000549825
7.28034992108518,9.19164352355569,9.72133244556717,7.429358795931629,70.93966595370807,8.239934869115544,0,4,8.405671171534916,8.405671171534918
8.925879806965067,7.343465798974851,7.371071083287319,6.28388283860254,63.00788954810256,3.508838851730977,0,2,7.481074881957444,7.481074881957446
5.998368910791799,7.074097511688326,9.310213254946568,6.424364509809614,86.54104824903649,2.8963446748048285,0,1,7.201761046809077,7.201761046809077
7.571172192068058,6.367035359653531,9.22274699267535,6.536449824631433,99.06485452486234,9.617032171342863,1,3,7.424351092257093,7.424351092257093
7.962072844310212,5.281877483254636,6.595502366216278,9.015129489163318,62.82650312221239,1.07976956602122,0,0,7.213645545736111,7.213645545736113
5.232252063599988,9.323611881275266,9.144577370753389,7.695806383376272,82.70873007370372,9.980387701137804,1,3,7.849061924751228,7.84906192475123
8.037724259507192,9.064505045650389,5.185038173577463,6.556538495780018,59.904881637987,7.091391689716561,0,0,7.210951493628765,7.210951493628767
5.8526206184364575,9.998588366430653,7.981349392410265,8.051668916554592,78.2665127285805,8.456223695042054,0,0,7.971056823457992,7.971056823457992
5.325257964926397,9.983184185369527,6.150044186438516,8.580753371115968,73.19662433441681,3.6515745671157385,0,4,7.5098099269626015,7.509809926962602
9.744427686266668,7.777158528013137,5.6028344288863945,6.363120003667669,98.60026648157684,1.1288374990035397,1,0,7.371885161708466,7.371885161708468
9.828160165372797,8.844937075902553,5.384766008146046,7.067745507626757,80.42636363482333,7.64082566705377,1,0,7.781402189262038,7.781402189262039
9.041986740582306,9.72382864941214,8.4814438793907,5.609430466684738,67.47531860434094,8.507301373006083,0,2,8.21417243401747,8.21417243401747
6.523068845866853,9.248236953387057,6.699374818840331,5.905746747673401,55.704789244396665,7.664285187581672,1,3,7.094106841441911,7.094106841441913
5.48836057003192,6.236740508715988,8.623833857643808,8.405589269824914,57.56234143674673,2.285652585707547,1,2,7.188631051554157,7.188631051554158
8.421165132560784,7.252720676550467,5.326781703994712,5.907191738478135,61.26584649756175,7.7808513003127215,0,0,6.726964812896025,6.726964812896026
7.200762468698007,5.645797075757475,6.576451689153052,7.625816918335301,62.5483330670149,7.920305038968769,0,4,6.762207037985959,6.76220703798596
5.610191174223894,9.770255136293612,7.697456461876686,8.545231308612163,92.5308028920569,6.926864641030494,1,2,7.905783520251589,7.905783520251589
7.475884550556351,8.0308731722544,8.953615824194818,5.534384615473719,78.06113941412625,7.895043395160275,1,2,7.498689540619822,7.498689540619824
5.171942605576092,6.143214027517313,6.59376251466035,7.836561098144518,76.16954556871832,8.613292957099588,1,1,6.436370061474569,6.43637006147457
9.546602010393912,8.358503422029283,8.129456882185046,6.282813918506819,55.73844359346087,6.522437028137126,0,0,8.079344058278766,8.079344058278766
6.293899908000085,8.09064120228948,9.429888741180935,9.8146343761879,93.00698466747176,1.7974424257271115,0,4,8.407266056914601,8.4072660569146
8.31261142176991,6.790813590164202,8.079315940911522,7.417728233599623,86.14071516042418,5.388650287004898,1,2,7.650117296611315,7.650117296611315
6.558555380447055,5.567787960998145,6.1647973737681685,9.029962748875793,53.38341809500008,1.6988440120444457,0,2,6.830275866022289,6.8302758660222915
7.600340105889054,8.357865977963998,5.12200390778269,7.751132710781309,85.39175486148844,4.667887279291877,0,4,7.207835675604263,7.207835675604263
7.733551396716399,7.601538504518967,9.350494369504649,5.217062664274096,77.1769108671323,4.663958402130649,1,0,7.475661733753528,7.475661733753528
5.924272277627635,8.861591958678197,5.106347054251936,8.16575687797011,54.08626728733891,1.594088597262174,1,1,7.01449204213197,7.0144920421319705
9.847923138822791,7.6008175055599665,9.373508363420996,9.757016711033284,72.91503207643282,4.139384805725314,0,2,9.14481642970926,9.14481642970926
8.875664116805574,9.2609075015927,7.6446856701360595,8.008059100731657,74.23481435650234,1.9989828891218333,0,1,8.447329097316498,8.447329097316498
9.697494707820946,7.759534193872428,9.69533849256448,9.09594429713395,58.28872700816379,8.274116890083,1,3,9.062077922847951,9.062077922847951
9.474136752138245,7.804689857676932,8.993916178868327,9.42103231674204,97.28490735001412,9.529192233680236,0,0,8.923443776356386,8.923443776356384
7.989499894055426,9.383268013291726,9.989670552666688,6.140398859744662,92.4987685740331,1.6508482773214477,0,3,8.375709329939626,8.375709329939626
9.609371175115584,7.017414331061985,6.753559077258551,6.060224199541134,83.45111686645541,9.596036865625312,1,3,7.360142195744313,7.360142195744315
5.442462510259597,5.670076142253204,8.835941444655635,8.05490494425496,73.11477805003037,5.703189394030707,1,3,7.000846260355848,7.00084626035585
5.979914312095726,5.143913381566695,7.00965456804621,7.055142349033524,70.58827707922542,3.696091101584865,0,0,6.297156152685538,6.297156152685541
5.22613644455269,8.775686278368095,7.399378101519544,9.1993065143336,82.5486733575477,1.6917586774854716,0,0,7.650126834693482,7.6501268346934825
6.626651653816322,8.101547756767324,8.13752731609185,9.500115616990056,77.27159347034527,5.50561841263376,0,4,8.091460585916387,8.091460585916389
6.94338644844741,8.520398840496117,9.368385570931691,6.767106896513591,53.11365529409428,8.150639900416738,1,1,7.899819439097202,7.899819439097204
6.356745158869479,6.064820807544553,9.920417345996476,6.18435279487241,75.62513243851659,7.363778295400284,0,1,7.13158402682073,7.131584026820731
9.143687545759647,5.681857377933849,8.84136706932259,8.90262757621931,90.32018086164196,1.4520341031757638,0,4,8.142384892308849,8.142384892308849
6.7837666334679465,5.07272332833941,7.088833910836669,6.37403017774068,72.96199387984791,1.6561165183111315,1,4,6.329838512596176,6.329838512596178
6.404672548436904,6.752937794032984,7.106785011385351,9.113071592568392,52.59782887771342,4.625859543693734,1,3,7.344366736605908,7.344366736605909
7.713480415791242,7.949588434273165,8.687911507944458,7.118691268243814,89.31390996920166,3.6576144464314897,0,4,7.86741790656317,7.867417906563171
5.704621124873813,6.9612202254986615,6.193885728841512,8.337749496457352,60.06818910679872,3.0914589075044305,1,2,6.7993691439178345,6.799369143917835
9.0109849037702,7.1873746101186455,5.5523705656569735,5.477676569173341,62.93104174440194,3.5290404901784225,1,1,6.8071016621797895,6.807101662179792
5.372753218398854,9.520793472468744,6.773110788203883,8.119296623382866,58.2353176716148,8.23134468967196,0,4,7.446488525613586,7.446488525613588
9.934434683002586,6.741277335116502,6.436194958270409,7.258838393686146,66.51075324357488,9.363052482686683,1,2,7.59268634251891,7.592686342518912
8.861223846483288,7.569947445799054,6.48154060227995,7.933042315877371,87.83757528443175,4.645924250748098,1,2,7.711438552609916,7.711438552609916
5.993578407670862,8.918265063705714,6.168038755249549,5.840071038724317,75.96929297519686,9.154999019192472,0,2,6.729988316337611,6.729988316337612
5.027610585618012,6.982713911606351,5.21046594818181,8.68436872472091,60.24406370753563,3.8934613112309377,1,2,6.476289792531771,6.476289792531772
9.07730714227417,8.110433501139367,5.089369673667069,9.313985387716142,93.89150390760204,5.287932877094125,0,3,7.8977739261991875,7.8977739261991875
8.534286719238086,9.311818543733724,9.938611948680158,6.083699000453878,93.97909274757646,3.0342609803439977,0,2,8.467104053026462,8.467104053026462
8.645035840204937,9.747603118288213,7.138865668679312,5.478572777600808,93.52892125230034,6.764284379582596,1,3,7.752519351193317,7.7525193511933175
8.85635173342973,5.7353674046451895,6.921633235798408,5.118192930231682,61.93981056907697,9.81083003657328,1,3,6.657886326026252,6.6578863260262535
5.370223258670452,9.632938125807472,8.39823641346535,8.20985750221633,72.56196720904941,6.431437864390408,1,2,7.902813825039901,7.902813825039902
6.792328642721364,7.460581465397691,6.091269439325321,8.035470180443903,99.24948280704376,4.22032675702194,0,1,7.0949124319720696,7.09491243197207
5.579345297625649,6.291221941494792,9.749805919751129,7.73348706357035,88.60062381549952,6.830357013914755,1,2,7.338465055610479,7.33846505561048
9.315517129377968,7.295678781191306,8.93172507207776,6.159735480579878,51.35837106127799,2.106286106188488,0,2,7.925664115806727,7.92566411580673
8.11649063413779,9.900162876427386,5.4470550115612975,6.954529979527573,53.2602295630246,8.997931722388588,1,2,7.604559625413511,7.604559625413513
6.654490124263246,7.463090469964348,7.087903878924642,7.972381675930865,73.19656884061664,5.527755557018527,1,1,7.294466537270775,7.294466537270776
5.317791751430118,6.6437580514375405,9.395591537810825,7.483834294295847,95.461010293078,5.0441476783567785,1,0,7.210243908743582,7.210243908743583
6.554911608578311,8.167004271583629,9.72366011145705,9.938927601074436,76.93508989763572,6.272783096081673,0,0,8.596125898173357,8.596125898173357
6.625916610133736,6.200728093890966,7.337007556249349,5.682198762783665,74.89062540171452,6.623054765104622,1,3,6.461462755764428,6.461462755764431
8.64803089169032,5.37931664054332,8.067056946053539,8.475722770237969,55.27368499783153,1.6459822560386173,1,3,7.642531812131287,7.6425318121312875
8.187787356776067,5.644398609553246,5.835169730460376,7.021593840521461,82.8390052362147,7.143554991010622,0,1,6.672237384327787,6.672237384327788
9.436063712881634,5.640229194788862,9.955843130684883,7.140998074628074,91.10515803001128,3.177385122839766,0,4,8.043283528245864,8.043283528245864
7.361074625809747,5.759513467561471,6.158358506917217,8.587988828290882,69.02100037537812,7.4255736925593085,1,0,6.966733857144829,6.966733857144831
5.597971229691509,5.694135863247051,9.713658870675628,8.462180756621848,88.78059254626638,8.40281314945777,1,3,7.366986680059009,7.366986680059009
8.566223936114975,8.204373724016072,8.248233244961842,9.95627996851094,98.22383269504058,8.235626567972684,1,0,8.743777718400956,8.743777718400958
8.803925243084487,5.909400421995724,8.038683974394296,5.641971447270626,60.18832295638445,5.972508706671002,0,1,7.098495271686284,7.098495271686285
7.806385987847481,6.728336416619316,7.563442555082543,5.520548246920832,76.16648155973706,5.68152903079676,0,1,6.904678301617543,6.904678301617544
8.854835899772805,9.48394204953006,6.153349058588793,8.621694085643705,64.35689790422877,2.285883652054705,0,4,8.278455273383841,8.278455273383841
7.468977981821954,7.3698082013143615,5.882640160027542,7.891934585032045,89.64272095169197,7.978115353628221,0,4,7.153340232048976,7.1533402320489765
7.61366414690997,8.337788692605136,6.102431045350877,6.37080333279903,78.87966829405788,3.4426844240204293,1,1,7.1061718044162525,7.106171804416254
7.137705091792748,5.861599356008149,5.932191310721272,5.397096844944933,81.72912087751519,5.470258805361519,0,3,6.082148150866775,6.082148150866777
5.127095633720476,5.961445094043354,8.897922367833766,5.428291247982153,89.8957079807947,3.5584668363476504,0,0,6.353688585894937,6.353688585894938
5.539457134966522,5.204343081332395,6.7506262958336505,9.470954373320591,69.79852363312274,2.2044552669972384,0,2,6.741345221363289,6.741345221363289
5.157145928433671,5.844675315360822,5.289213382816982,5.959336623593715,95.75450342035217,6.666019272025629,1,4,5.562592812551298,5.562592812551298
8.182052056318902,6.392951695159793,9.845513150704058,6.616857810577604,76.65144336230699,1.4889883134061344,1,2,7.759343678190089,7.759343678190089
6.571779905381634,5.885052421383734,9.41892942481713,6.13328201113494,57.8977411417674,7.7378071071358,0,3,7.00226094067936,7.002260940679361
7.542853455823514,5.443512668785278,9.638761415976065,6.774981529159687,84.79495590844013,3.85828115735005,0,4,7.350027267436136,7.350027267436137
9.537832369630465,5.603179355503004,9.974539113232176,5.347119213730467,89.66306752191272,1.001212237040368,1,2,7.615667513024027,7.615667513024029
6.246461145744375,7.303893840163629,5.869476246097436,7.595298954541352,65.83808385337633,5.6001622531350685,1,3,6.753782546636699,6.7537825466367005
7.051914615178148,6.0316685920289625,6.981210094513294,5.338062817961075,92.85896284993764,1.421667176748428,1,0,6.35071402992037,6.35071402992037
8.777755692715242,6.8213493052403775,8.791192378520456,9.001782539111808,95.30716273828833,3.485526020388096,1,3,8.348019978896971,8.348019978896971
6.143990827458112,7.5170863542742845,8.480103090268962,6.168560409552165,63.84522436889045,7.362788387101445,1,4,7.07743517038838,7.077435170388382
5.384899549143965,8.451974143146828,5.769479531699275,7.700059573022553,99.1760736357611,1.564206594596793,1,1,6.826603199253156,6.826603199253156
6.44875726456884,5.196560699205495,9.079165624953088,9.40039543780729,57.03557640243792,8.554046431204021,1,0,7.5312197566336785,7.531219756633679
5.806106436270023,8.997051994545213,6.122202859183304,8.25438684523597,60.1007834201245,1.034379303927248,1,2,7.294937033808628,7.294937033808629
9.648488261712863,8.139501947454539,6.119088074113115,7.664788932756677,59.21124196190131,3.2214148228171204,0,4,7.8929668040092995,7.8929668040093
9.040601897822086,5.40879515974436,7.684872114467067,6.621668765576878,94.69948550039352,7.668136505368643,0,1,7.188984484402598,7.1889844844025985
8.167018782552118,9.367893120533886,7.964699674208516,6.6650095652909895,82.7146276162481,3.846431347563761,0,3,8.041155285646377,8.041155285646377
9.357302950938587,9.604362002659066,7.900431039189056,8.347434775990951,57.60521416111364,1.9170314925941216,0,1,8.802382692194415,8.802382692194415
9.018360384495573,5.305389799274319,5.457434186988774,9.970696806105838,72.01617091841744,4.242105269203851,0,4,7.437970294216126,7.437970294216128
5.932850294430179,6.384388240736019,9.3873043131519,8.309195949246893,80.76490125349011,3.4335395774607296,0,4,7.503434699391247,7.5034346993912475
9.46279499244989,9.031006398965308,6.328000212943531,7.788917086850125,54.173204249469165,8.584407119444993,1,1,8.152679672802213,8.152679672802215
7.696711209578254,8.741298451918292,5.647574606414021,8.65325255119623,94.12081842036692,3.820131258266288,1,3,7.684709204776698,7.6847092047767
9.037200775820311,5.922605096781886,9.443740399344886,7.32602806141859,90.18017677207676,8.100392245984064,0,1,7.932393583341419,7.932393583341419
9.480456499617466,6.046746616683551,9.778257491148768,5.300711713003926,75.26033867883191,9.026849303296611,0,4,7.651543080113427,7.651543080113429
6.590017374859319,6.85236051395691,9.310638086327252,7.811484079389549,98.35633076295852,4.904356776188766,1,4,7.641125013633257,7.641125013633258
5.550259622638384,7.422614925955107,9.04758037362439,9.7881264225269,70.88804896375498,9.189488294689529,1,2,7.952145336186195,7.952145336186196
6.139675812709708,8.09127385765148,8.27620990319511,5.876514711788298,99.20551595182488,4.395862485668736,1,2,7.095918571336149,7.095918571336149
7.135538943131282,6.8445681978488615,7.754286853045697,8.450024454103328,83.39599994018135,9.676705748410974,0,0,7.546104612032292,7.546104612032293
9.090073829612464,7.31267358066574,5.434933799557051,6.004668443295282,81.73356366269707,1.8036057207301563,1,4,6.960587413282633,6.960587413282635
9.303652916281717,8.737354690668782,7.042266065353493,7.679138422365407,58.29774476478925,7.183173398529185,0,2,8.19060302366735,8.19060302366735
5.034760652655954,5.183416014452989,6.86344258506157,5.483382248233598,94.0963879152322,5.444326364112358,0,1,5.641250375101027,5.641250375101029
7.553736512887829,6.262184721720104,6.298768918801631,7.251854681290926,71.37448439603077,4.488839249100824,1,3,6.841636208675122,6.841636208675124
7.087055015743895,8.566747929422762,8.617100568442925,8.78081664447623,58.11167028912397,6.694406908737408,1,1,8.262930039521454,8.262930039521454
6.110539052353651,9.476034188435996,7.479378675393854,6.737857621194911,50.630375998787954,7.334713824708981,0,3,7.450952384344603,7.450952384344605
5.599326836668414,7.55838721057833,5.40523107953824,8.32455862243609,77.98778418191912,1.0392694268527818,1,2,6.721875937305269,6.721875937305269
6.68807585701814,7.660567426326578,6.1009160097490565,8.977249803948645,76.36998110613382,2.5025777987247886,1,0,7.356702274260605,7.356702274260605
9.714548519562596,5.53586005669888,8.41629381829798,9.635889097397264,85.96768111845793,7.417414455708868,0,1,8.32564787298918,8.325647872989181
6.616014660103776,7.237061834117274,5.380654297451501,6.173210409277267,94.51290265089013,6.997468722203858,1,1,6.351735300237454,6.351735300237455
7.59395310871683,7.663086332275116,9.256034570243845,6.996579579046541,53.97032923215148,9.694427546158096,0,1,7.877413397570583,7.877413397570584
8.515094794475889,6.212352518173648,7.475732635069871,5.762080066652088,86.57482451701811,7.849340112257047,0,3,6.991315003592874,6.991315003592875
6.81814801189647,6.346216154746905,7.40293288663324,9.962417510791877,59.37059720487911,9.556954369582042,1,2,7.632428641017123,7.632428641017124
9.858910413604804,6.886420815523113,7.9620389232975874,9.635004839621477,92.9088526578582,7.322864513813263,0,1,8.585593748011746,8.585593748011746
9.812236474710556,5.100355988888632,9.123404829625745,7.699785651402798,90.9531756930828,3.682469877754989,0,1,7.933945736156932,7.933945736156932
6.258911479126821,6.610395827915891,6.739046039510965,9.210166471882106,77.03968774927722,1.948284300257708,1,0,7.204629954608945,7.204629954608946
7.486242529461927,6.057240034982723,8.390080762795318,7.60478988636021,85.51213993116558,8.03641477010442,1,0,7.384588303400044,7.384588303400045
6.504391549083849,6.637486760889573,7.828659819978956,8.117928440013799,65.71750565918742,6.797342993283243,1,2,7.272116642491544,7.272116642491546
6.424202471887338,5.598810659096256,6.335141350847106,5.445622160580083,73.55839494664073,1.433674111539666,0,2,5.950944160602696,5.950944160602697
5.184434736772664,9.452636403699476,9.39314993177579,8.77635210248404,91.08184488552358,4.240454193108805,0,4,8.201643293682991,8.201643293682993
8.047821669899484,7.967962267770243,8.987130108034641,5.638567418176174,72.96325985866069,9.611198339358577,1,0,7.660370365970135,7.660370365970137
7.5133951161443076,8.395511595722448,8.292259173292127,9.130338151262642,67.88991326627209,5.503610311391811,0,4,8.33287600910538,8.332876009105382
5.257393756249947,8.945856193036692,9.252908645471209,8.91014043835193,74.710622362515,4.894562224177342,1,3,8.091574758277444,8.091574758277444
6.393232321183057,7.492210994645286,9.336471004799012,8.543723488714882,91.41246262186093,5.119296446433646,1,4,7.941409452335559,7.941409452335559
9.541329429833269,5.434601440437119,8.541814883575174,5.180801902623811,66.76040236854364,2.8799445160464736,0,1,7.174636914117343,7.174636914117344
6.197809453334862,7.685532709092739,9.18506664181836,6.515641779726643,58.68807965678719,4.318364537783157,1,4,7.396012645993151,7.396012645993152
5.724474360456116,7.934205590104396,8.487357308346418,6.315562849554214,85.60070101653903,4.328319303884589,0,2,7.115400027115286,7.115400027115287
7.447263801387815,8.727197370921651,8.400703858801503,6.800682037357595,91.2989106354041,1.4711951816872515,0,3,7.843961767117141,7.8439617671171415
9.928252270553005,7.158297731148397,8.093056891075921,5.438213733819193,55.031873926176665,7.908108656661264,1,1,7.654455156649129,7.654455156649131
6.210276357557502,5.637901513977819,8.763583197788206,9.684789115155317,61.993705637797234,4.748539887134911,0,4,7.574137546119711,7.5741375461197125
8.360677737029393,6.418879528993623,5.793025526465368,7.769011203561881,57.09859948804969,8.39961898134781,1,3,7.085398499012566,7.085398499012568
8.808098076643589,6.815411481993175,9.40435379599464,6.527621553290118,67.39707057910833,8.653132010079059,0,3,7.888871226980381,7.888871226980382
6.188187719961999,8.229586206658006,9.35921763872616,6.984907585371417,72.51754894527063,2.9079464922879223,0,1,7.6904747876793955,7.6904747876793955
8.641081743059297,7.85389152334456,5.146236415172796,7.236012702524178,87.44131684816531,6.916181339531157,0,4,7.219305596025208,7.219305596025208
6.838915663596266,6.780483629489231,9.129083752823814,8.002971666803086,82.5573792440837,5.250536237466836,1,3,7.687863678178099,7.6878636781781
8.161529152967898,9.9325762439649,5.644349337367226,7.578397138482488,81.04642837392156,8.921410641293367,0,3,7.829212968195627,7.8292129681956295
8.167648553804474,8.028874096784435,6.67559427129571,9.596959866072089,67.61874733048272,2.941666112588087,1,0,8.117269196989177,8.117269196989177
7.678873420373792,6.186133958679973,8.71754128145804,7.484817414529151,92.072377654238,7.100318802790398,0,3,7.516841518760239,7.5168415187602395
5.451448850272041,5.508912363102018,5.803799480241541,9.960790074116565,73.56435836990823,6.469769100274503,0,0,6.681237691933041,6.681237691933043
9.17651247794619,5.7642956959216605,9.08983512059531,9.25712478872548,98.95524690075771,3.6577132981464953,1,4,8.32194202079716,8.321942020797161
6.603900324858679,6.229788641922541,9.16067088978871,6.042552571786679,81.70710691478683,2.229408132860553,1,4,7.009228107089152,7.009228107089152
5.932592551999271,5.803406866297778,7.537338668804181,9.65297607321958,56.313237078225136,6.8647578442954895,1,4,7.231578540080203,7.231578540080204
5.20387570777382,5.932835120256529,5.031929358584168,5.58183198942738,83.80887810377169,7.647377123190976,1,2,5.437618044010474,5.437618044010476
7.954464715941209,6.425475843469235,6.435190665874564,9.087248542455958,66.25520077158495,3.84064609387015,1,4,7.475594941935242,7.475594941935243
8.387821809211413,5.866867976473774,8.08463459187871,6.9031164673829,84.31635983430488,6.803493436200824,0,3,7.3106102112367,7.3106102112367
5.082939144639281,9.483827123132128,9.905930890137116,9.389871602225348,53.48205740812028,4.556178168503529,0,1,8.465642190033467,8.465642190033469
7.560465291496405,5.401168728308211,8.159067635083343,9.340283450537251,58.744071858797966,7.41886194954356,1,0,7.615246276356302,7.615246276356304
6.1324788759896895,7.622556947851273,6.299017905320799,9.029627000588109,92.78686294528931,2.792937474046478,0,2,7.270920182437467,7.270920182437468
8.225863952047249,7.051984134948308,8.170028515498057,8.950152181535307,61.358977851175744,9.01193502372557,0,4,8.099507196007231,8.09950719600723
5.871832145024957,9.911893084543031,7.699926898579277,6.523395695490204,91.852056262147,3.5866863681902177,0,4,7.501761955909368,7.501761955909368
8.45468869051233,5.560194510840262,8.899226975755719,5.404596415256261,63.96380442272052,4.310073889805376,1,1,7.079676648091144,7.079676648091145
6.933676731502687,6.989277995228708,5.534903194134792,7.014900893825807,82.14409550293539,1.522827568723148,0,1,6.618189703672998,6.618189703672999
9.683649943683672,9.847352166376844,8.80513951251014,5.867622574932543,84.70752867549155,2.0036099108914875,0,2,8.550941049375801,8.5509410493758
5.687604720729967,9.3275356294699,7.706332893380551,8.474755444512308,75.63273765725265,5.642757124410953,0,0,7.799057172023182,7.799057172023181
6.705331755251293,9.0853603547464,9.814960019294972,6.730498632688928,65.26553383483656,3.4083340905517434,1,4,8.084037690495398,8.084037690495398
5.567367606202946,6.2895141352247,6.709360830193431,9.878051004299577,60.6322188185548,8.51932203167975,0,2,7.1110733939801625,7.111073393980164
9.623468091392814,5.854437936950329,8.163109465669741,8.20486038672666,51.659467728121314,1.1322404978945846,0,3,7.961468970184885,7.961468970184888
9.386696766904905,8.343216099622154,9.660140527550087,9.112402818171804,65.1973200620362,4.411846438047426,1,3,9.125614053062238,9.125614053062238
6.289708138575778,9.646879945637927,5.512548639953396,5.662623363709242,82.65813952656416,4.0361099209218345,1,2,6.777940021969087,6.777940021969087
8.299920230170894,7.783814465069649,9.686142436182257,9.310072411363112,96.91524092242412,1.1739486782584092,0,4,8.769987385696478,8.76998738569648
9.08611100100608,7.858063447349499,8.439428611504066,9.613785952566973,93.5602241131526,2.119315591004592,0,2,8.749347253106654,8.749347253106654
7.776004057997312,6.399895468301421,5.339185295525859,7.435309594094679,88.30323882676512,4.722784074267717,1,4,6.7375986039798175,6.737598603979819
7.648252891780032,8.847464665959684,6.504817834734081,8.031264688754888,89.42236716266493,5.43578126002702,1,1,7.757950020307171,7.757950020307172
6.209261454502259,5.935218742787617,8.540860443226407,8.824049004514977,83.24924517379976,4.638607725293822,1,2,7.377347411257816,7.377347411257816
5.465513839029496,6.618396182021218,5.336753007343859,5.874193136302063,63.01434287830015,5.778439105708845,1,4,5.823714041174158,5.823714041174161
9.486078789766632,7.127182193082084,7.910852300881366,7.512830382317212,95.3597515352915,6.356185074151134,1,2,8.009235916511823,8.009235916511825
9.502090285816651,7.538051893422275,6.729415284764784,6.993315138861566,83.53661559529169,1.089314390150521,1,2,7.690718150716319,7.69071815071632
8.16550728636634,6.212048662075401,8.104577588837385,5.731869960811245,78.02203154902199,5.176856435081535,1,4,7.053500874522593,7.053500874522593
6.695148955243504,5.574184123696018,5.228710169062564,6.837672111457657,55.54947346067405,9.671493167988295,0,4,6.083928839864935,6.083928839864938
6.746047873063304,8.053100212208163,9.35768403076188,5.340861546927468,72.35277719032126,5.671290521165939,1,0,7.374423415740204,7.374423415740205
8.629778394351197,6.443152766201279,9.867444845886984,5.129059534747435,73.01791356009632,7.097880407130579,1,2,7.517358885296723,7.517358885296725
9.485551299762886,7.906191107113061,9.844389276428458,5.675831445774114,93.2281804761335,3.8067747212519487,0,3,8.22799078226963,8.22799078226963
9.435432121325588,5.771813576371011,8.748259158714625,9.81557555794587,77.33241100938943,7.965922403374863,1,2,8.442770103589273,8.442770103589273
8.899377729288119,7.405700509274087,5.65043120065316,7.747647679475085,69.02002744852048,7.956293336885036,1,2,7.425789279672612,7.425789279672615
8.21015823077144,7.662947162757929,8.791315979645113,9.8291108057661,98.84001642553297,5.69166442888725,0,4,8.623383044735146,8.623383044735144
5.4206998249752445,5.259117684112135,5.122934582294008,7.162489391650659,55.53602966631578,9.784124409512922,1,2,5.741310370758011,5.741310370758014
5.808143570473069,6.683021390969604,5.110617757644986,6.559080665426298,71.12742141559723,2.1299519328638805,0,2,6.040215846128489,6.04021584612849
9.492770942635396,5.672073384694871,6.618051095747706,7.53070931420122,52.10123375857027,1.152528984006229,0,3,7.328401184319799,7.328401184319801
8.03214529829795,5.316874852363839,7.443215952023329,7.197558443164551,86.99520603834651,7.931423905813864,0,4,6.997448636462417,6.997448636462418
5.045985258083149,9.949801161949726,8.852037089038966,5.52832342130872,95.90382760995752,8.264399836283943,0,2,7.34403673259514,7.34403673259514
5.50735771433016,6.611769224873615,8.416476883032527,8.204131573451031,64.00186647752447,2.0818650620851864,1,1,7.184933848921833,7.184933848921834
8.317508845540278,9.049372229273176,7.229513531883741,6.080190912547998,92.91708383995604,3.390245496627455,0,0,7.669146379811298,7.669146379811298
5.025307919231094,6.273203273818819,6.3681333314083295,8.097939774489149,64.61091152309488,1.1579712702996603,0,3,6.441146074736848,6.4411460747368485
5.804040257087493,8.407513611119647,9.985622500788557,8.251005461990767,95.53850808219576,3.639777497025082,1,2,8.112045457746616,8.112045457746616
7.743668946832931,8.801139299448433,7.130906511179864,5.76012426564324,87.6980951798392,7.958276865268044,0,1,7.358959755776118,7.358959755776118
8.459475988463467,7.978193703039222,7.256935121648377,5.306748135553341,90.24533884207192,5.6616447494132105,0,2,7.250338237176102,7.250338237176102
8.259806297513002,7.357880942750792,5.8181191059583455,8.9038079303422,50.90032778002273,4.132860338514593,0,2,7.584903569141085,7.584903569141087
6.1213465473028,7.059204570736343,8.974047743749647,7.299002118846601,98.1405178537013,4.345653654156973,0,4,7.363400245158848,7.363400245158848
8.56089610673768,6.744341332714976,8.468411128907443,5.290818977527379,86.33354960351616,1.0121826314392135,1,4,7.266116886471869,7.26611688647187
6.186245437484001,9.64764572123913,6.103848063943802,9.974331585848836,65.23755476930667,3.698204748087123,0,4,7.978017702128943,7.978017702128943
6.626998490796339,9.153097038938649,5.411905228079213,5.288902804981833,91.46973324294234,6.818128674741375,1,1,6.620225890699008,6.620225890699009
8.73245702559012,9.825134553332564,8.402496510373565,8.475176144292766,64.0760599207465,9.767749994347216,1,2,8.858816058397254,8.858816058397254
8.248164495236074,5.621486117427724,8.272556071405676,9.918394626317069,93.6376919783064,8.623547442855095,0,0,8.015150327596634,8.015150327596636
9.24611705247089,8.654337376018221,6.366297634991047,6.195900521079628,55.62901952059685,1.212354681809762,0,3,7.615663146139947,7.615663146139949
8.288064461501717,9.69170228410519,9.75431781125205,5.711246843435981,85.18429887303978,9.087045442073554,0,4,8.361332850073735,8.361332850073735
7.841543016677358,5.9061653308283,5.755289458904501,5.606924697112144,77.03492383224551,8.048785719687633,0,4,6.277480625880576,6.277480625880578
5.468373839140463,5.332481336833888,7.16167400521301,6.516375737837977,54.82672350977204,8.023385112138824,1,2,6.119726229756335,6.119726229756336
6.838579015297167,8.705603246450295,9.718079600837994,5.505229055053233,62.09469141294195,5.121961831032143,1,2,7.691872729409672,7.691872729409673
6.326011838408627,7.872365565899559,7.098636584630611,8.46080670847066,50.62020181386574,4.582047636590525,1,1,7.439455174352364,7.439455174352365
6.219948216895418,9.20914388379136,8.192629738320427,5.311458990650314,73.43839827322529,3.7262415594987335,0,1,7.233295207414379,7.23329520741438
9.865052773762228,5.698861883131448,6.987971989813971,7.547110640748949,65.06326303800002,1.591253730589292,1,4,7.524749321864149,7.52474932186415
6.965488623333802,8.976336559299451,6.37107601174335,9.983484269264885,79.91787421488795,3.054118271443292,0,2,8.074096365910371,8.074096365910373
9.460232775885569,6.008136600238723,9.91988823979914,9.069851347530092,64.86189038543085,3.2194327148022217,0,0,8.614527240863382,8.614527240863382
8.155693129986314,5.818279714328522,7.046670031575215,8.076097191155053,64.99595557534923,5.356693627391814,0,3,7.274185016761276,7.274185016761278
8.974056517708242,5.8213289896549645,9.470496018395671,6.5312681039330585,87.15965993658017,7.726999659370246,0,2,7.699287407422984,7.699287407422984
7.513185465525961,9.07287360115691,6.149773029455431,8.119479181458193,52.40714179891767,5.26428845558152,0,2,7.713827819399124,7.713827819399126
7.884519423131795,8.325986103481,6.065523520125416,7.635207319558258,95.14474975959936,1.5206000450244457,1,1,7.477809091574118,7.477809091574118
7.462588469094319,7.615327123845597,5.1556704144225565,7.130416919451857,92.61319371955906,9.620108208893836,1,3,6.841000731703582,6.841000731703583
5.976214938990222,6.794152420617513,8.258334126879426,5.653551883700997,83.39023416132034,9.48451887184701,0,4,6.670563342547039,6.670563342547039
8.612260576307527,9.38600270406554,6.842631718618806,9.433021076202332,79.66107850536922,8.066705888335676,1,2,8.568479018798552,8.56847901879855
6.403861812204279,6.962225537113177,9.321791249198183,7.248923244106613,94.61512490698262,9.921951114077984,0,4,7.484200460655564,7.484200460655563
5.121579832157269,9.082997197357884,7.366049533457786,5.973112559103825,59.26650897643572,5.900340995202367,0,2,6.885934780519191,6.885934780519192
8.227361479535839,7.195674542851092,9.840967139573609,6.838796754386448,53.94845810954144,9.664915152278857,0,4,8.025699979086747,8.025699979086749
5.8855533970352445,6.884722147124538,5.927627578515605,7.070648762644636,61.9755084954769,1.680445365550757,1,3,6.4421379713300055,6.442137971330007
9.70229292176457,7.313398928348032,9.343115839778054,9.137689477834371,89.72891393500952,4.291126734352342,0,1,8.874124291931256,8.874124291931258
9.769642885012937,6.50688937082071,8.882984263958708,8.66807190280701,51.733513336324165,3.0284314120608924,0,3,8.45689710564984,8.456897105649842
9.574321951102242,8.738046900881255,8.85460922322026,8.846524468206699,79.14034175417449,2.7624977572084304,1,0,9.003375635852613,9.003375635852615
6.850793501277222,7.513601950462396,9.22391614058444,5.055156322143236,99.7718758095655,2.267226540034085,1,1,7.160866978616824,7.1608669786168235
5.077283082644337,6.161063475734086,8.805119954714995,7.080769990898808,92.78480469187696,6.60172277409397,1,3,6.781059125998057,6.781059125998057
9.641592812938626,9.49787286637284,8.131101608157078,7.406720758176618,76.07228445217947,8.031896701725746,0,0,8.66932201141129,8.66932201141129
7.140920741586571,6.919456106866058,5.656224388411938,5.095961384115284,53.18204546433212,6.204685594783246,0,2,6.203140655244963,6.203140655244964
9.833274095218348,7.717764305569943,5.16263089745626,6.299066043725171,91.5686757192855,2.322664386293887,1,2,7.253183835492431,7.253183835492431
9.818099885446264,9.532360554822734,9.604239239078437,8.801449115610675,79.94892540886053,8.300113929401238,0,4,9.439037198739529,9.439037198739527
9.265047277336802,8.12118997956996,8.08325157260369,5.685548528644995,55.74664985297834,6.723592364473556,1,1,7.788759339538862,7.788759339538863
6.4722444603479286,5.5844902035418205,8.98268645488088,7.6765506572629585,54.69286424116781,4.493491355142959,1,2,7.178992944008397,7.178992944008399
6.9254886430096265,9.699160618067376,7.4076117575627505,6.076009360086188,95.4813409718296,7.067172659824567,0,1,7.527067594681485,7.527067594681486
9.255683357584283,8.13854026535709,5.586540944811972,5.060603873219466,83.46001314690392,3.3391448131854955,0,2,7.010342110243204,7.010342110243204
6.584610025781388,6.674528073285431,5.625928961012752,6.206007287997707,91.46433996583778,4.106729876447894,1,4,6.27276858701932,6.27276858701932
5.847463733430462,5.696360363316936,8.427826436144857,9.879368774550269,93.94894501411336,9.257372588187913,1,3,7.462754826860631,7.462754826860631
7.784006312291751,8.97012594635148,7.1515294744973135,9.007685559414949,78.58861760241611,3.614540551042784,1,4,8.228336823138873,8.228336823138873
9.680773870803904,8.100363779642567,6.002623633501684,9.797883221605169,75.87231758775206,5.229894413421429,1,0,8.39541112638833,8.395411126388332
8.480148983374864,7.667305459881607,7.457972733707185,7.439270219631812,71.5213705160495,9.011270236564132,0,2,7.761174349148867,7.7611743491488685
7.850305850446825,9.469462915254788,5.321044685375671,5.548680993387517,65.84732938955597,7.369492152407747,1,0,7.0473736111162,7.047373611116202
5.485882468853843,8.942986056122653,7.909857009571994,7.739797444868465,71.72979804293558,1.5598290354823248,1,0,7.519630744854238,7.519630744854239
8.07503613349585,5.758374398663756,6.344967022175489,7.271886672799805,88.69398278650782,2.325727398510733,1,1,6.8625660567837246,6.862566056783725
9.950269250521316,6.558610338977742,8.987795503185941,9.22178541369808,80.09617155075658,1.0705743169472512,0,2,8.67961512659577,8.67961512659577
5.7004200761826205,6.242445699072329,6.551809794617869,5.490412903921223,94.62616449774232,6.678296112062471,0,0,5.996272118448511,5.996272118448511
7.591648261818683,8.719731462863384,7.276100745409006,7.441205685108891,72.16900071895938,5.029060828693765,1,3,7.757171538799992,7.7571715387999935
9.386865359639778,5.167662173678897,5.058102699540504,5.750243323469921,80.35447893593769,2.20847365812048,0,0,6.340718389082275,6.3407183890822765
8.703843088771022,7.8494484243565825,5.362234438972794,6.6233796344503,81.56537765459944,9.621407089510932,0,3,7.134726396637674,7.134726396637676
8.48507870497634,8.812293428703452,6.962467782033424,8.686785386938999,79.58485811531628,5.766937515510579,0,1,8.236656325663054,8.236656325663054
8.512420419935546,9.383828183808747,7.399694173585617,7.380090646843833,85.13168865427582,3.1770396470160027,1,0,8.169008356043436,8.169008356043436
6.797455756098776,6.710408743579537,8.000102740596517,6.879441425728847,61.87167341874032,5.505432140392368,1,4,7.096852166500919,7.096852166500921
6.467959221322467,9.106286523360064,6.458312893546516,6.972381392850177,75.61818887728953,7.11658299461597,0,1,7.2512350077698065,7.2512350077698065
9.046805777392567,5.553158684776037,8.474909430632714,7.297233842029933,55.21124014041738,1.6861529617620803,1,3,7.593026933707812,7.593026933707814
9.050566973395904,9.23226145867259,9.300611985946023,8.925082719185284,69.22556638224063,3.472334335431028,1,1,9.12713078429995,9.12713078429995
9.33536159290052,5.637443311659912,8.89925494446675,9.460423444701172,74.38335343106323,8.262689417955944,0,0,8.333120823432088,8.333120823432088
9.566202762782355,6.986436452801836,5.198094126741786,9.77667343251964,82.61121297727362,5.136983833623951,0,2,7.881851693711405,7.881851693711406
7.556711994304689,8.986476828897768,7.402534736289144,8.934516931276475,97.52655262931016,5.919194278290654,1,2,8.220060122692018,8.220060122692018
7.507581473435998,5.749587136743869,5.524650892090874,6.577034478740064,80.03255332741779,4.895344019885224,0,3,6.339713495252702,6.339713495252703
8.991475894833876,6.146256976163207,6.210225079312638,8.440673530432711,87.17969580882799,1.395099483787046,1,3,7.447157870185608,7.447157870185608
8.249819653888826,8.611262841965331,9.933312966335732,7.18801562027696,75.31330297476013,2.491748018381404,1,2,8.495602770616712,8.495602770616712
8.509834386288517,8.600182682730372,5.712477714507566,6.273353110230255,81.70520156881656,5.009874748677018,0,3,7.273961973439176,7.273961973439178
8.978963347180505,8.205738164426487,7.49444076725678,9.204357897129611,53.54661080668867,2.8826691886713505,1,1,8.470875043998346,8.470875043998346
9.450026709087831,8.469742222335501,8.090778671590595,5.192131744811625,62.71957904209235,1.4498112579371083,1,4,7.800669836956389,7.80066983695639
6.689975784257679,7.713622216737981,8.51232485272052,9.508809960677118,68.09265466025693,8.592846976466413,0,4,8.106183203598325,8.106183203598324
6.87791476319972,6.258995294534763,7.798243417434571,7.30738732312367,73.62466775032567,9.830732762477044,0,1,7.060635199573181,7.060635199573182
5.469909699204345,6.728479967519597,5.048854237095918,8.186007384041403,52.28243727511919,8.138285865970655,0,4,6.358312821965316,6.358312821965318
7.89140070498087,5.9079885840071285,6.632306541219959,8.296769611028914,57.00120487766589,8.684064295342004,1,0,7.182116360309218,7.1821163603092195
5.17971136898371,9.542252806668142,7.588558216923557,9.475588703532685,63.84071538956529,3.1777941728534085,0,1,7.946527774027023,7.946527774027024
7.327990090662301,7.916958973830602,5.439332495724167,8.183348410836036,98.57663454505254,9.645642779618798,0,3,7.216907492763276,7.216907492763277
7.713223173537883,7.0042570838182,6.753134656045904,8.06966792380031,66.56735035515254,2.772331340080856,0,1,7.3850707093005745,7.385070709300575
6.432706260641422,7.310029018220663,5.166015543956833,5.33326020280345,74.10205290560413,9.562868293256493,0,2,6.060502756405592,6.060502756405594
7.954166302845054,9.736416698059076,5.392892485775104,7.59204010972602,59.80488563691965,9.95337364569356,1,3,7.668878899101314,7.668878899101315
5.152501249695247,5.766757015580401,6.98461638100798,5.750845004085209,80.5390035537884,7.405505251714438,1,2,5.913679912592208,5.91367991259221
5.186740943746072,7.931149160083986,5.6635787702153015,8.687168843607427,64.03416077579871,9.830293586126396,0,3,6.867159429413197,6.867159429413198
9.113002803298292,7.52944339442233,7.83770424130779,7.561109604063372,60.34962892192134,6.125858016103933,1,4,8.010315010772945,8.010315010772947
6.800953207056315,8.05727117717324,8.447324845686328,8.401138896041767,75.82863142229895,3.335876048584813,0,1,7.926672031489412,7.926672031489413
5.635302563259424,5.090550919104203,9.002933495545413,5.208364503011921,50.27528995802104,4.932962970990587,0,0,6.23428787023024,6.234287870230242
7.611216300274021,9.360619544720755,6.00075122122405,5.423960080229016,50.38320163246127,6.342048418409074,1,3,7.099136786611961,7.099136786611962
8.849967765493055,9.66059141241806,5.837412911295349,8.581616940313411,60.95344045509289,1.6577340582431348,1,3,8.232397257379969,8.23239725737997
6.079105137484216,7.825665917946045,5.522839201672001,5.360421679993367,51.83606812504106,6.601089381555215,0,2,6.197007984273908,6.197007984273909
8.114452379095,8.483254119384462,8.182151247718183,5.356283638826293,55.40128770653457,9.83060053086065,0,4,7.534035346255983,7.534035346255986
5.42673732496884,9.61249690588648,8.532378632434506,5.060542376174437,66.94303246693758,2.7109688480535485,1,2,7.158038809866065,7.158038809866067
5.258408605843038,8.536193171566993,5.15793072412821,9.7825069914974,90.12928397899064,8.13335604659545,0,2,7.18375987325891,7.183759873258911
7.65677315784074,5.762695214571306,9.68106123121845,8.687541797295035,78.60243216846504,9.171089144016577,1,4,7.947017850231383,7.947017850231385
7.703175608050532,7.881441800834066,5.259856418257362,6.766257042510321,75.63338629782082,9.493314335381989,0,0,6.902682717413071,6.9026827174130725
8.187149507491032,8.03357523191428,7.706481676505352,6.482677906438276,64.67444116040608,9.641220439649024,0,2,7.602471080587235,7.602471080587237
8.630456668613308,7.12065335651193,8.545302597254583,6.748516148729248,96.5876859716408,5.693136748493248,1,2,7.761232192777267,7.761232192777268
9.879260397312674,8.682221178123614,9.354845618730428,8.87326765590591,69.85075206185958,9.795771171923532,1,3,9.197398712518158,9.197398712518156
7.581501741505976,9.671835073845074,8.570434660662139,8.306853055352072,54.35463833978857,7.81579186420995,1,4,8.532656132841314,8.532656132841318
6.61478236470623,9.627842564533882,9.00864041534896,5.92597783933734,80.85332580589007,2.455042926132657,1,1,7.794310795981603,7.794310795981604
8.975930973843518,7.254196857020661,6.69725096271403,5.870546676670422,55.69191967383007,5.29210095821173,1,0,7.199481367562157,7.199481367562159
6.354161256310372,5.566190229203777,9.074125568732562,5.491978248566987,67.2611571400846,7.464980578348036,1,0,6.621613825703424,6.6216138257034265
7.1948571035281805,9.924205994811672,5.400574231923375,8.301513598506691,75.37059693589045,3.22606284237175,1,4,7.705287732192479,7.705287732192481
5.39228190671133,9.19449043222967,9.474083280302638,8.821863311108679,93.71112623425878,6.765536651939986,0,3,8.22067973258808,8.22067973258808
5.126753717077287,5.623313406016334,7.737961880768681,6.32523214162502,74.67732901700593,6.999404311419573,0,3,6.20331528637183,6.203315286371832
9.813242073389626,9.604209413086862,9.086488849812469,5.104724805154564,85.11293830158321,2.464297694277093,0,4,8.402166285360881,8.402166285360881
9.17990060256103,9.349481810310644,7.261591422591501,5.410858337382137,99.64084194995353,6.085767812074806,1,3,7.800458043211328,7.800458043211329
8.479871030468491,7.59419028563036,8.217888475982624,9.839300174225151,56.57445599489908,7.944642198807469,1,0,8.532812491576657,8.532812491576658
7.044764722071349,7.9563771787246464,7.632013304680566,6.477223887387101,63.73657627597598,5.490060980823477,1,0,7.277594773215916,7.277594773215918
5.866471600354229,6.995013519350652,8.65794760877666,8.846115739190669,69.72880377988233,1.1089280509849668,0,1,7.591387116918052,7.591387116918052
5.78218521335543,5.273808194110156,5.408149910152948,8.12331784427132,71.09140892694157,1.0813462217136296,1,4,6.146865290472463,6.146865290472464
6.251214490822976,6.675986208229505,5.301760419952819,6.909698198264479,70.55105376327728,4.21326409573011,1,2,6.284664829317444,6.284664829317447
7.746133323530602,9.014267242990057,6.235516170050732,6.028436310977776,95.38055012782776,9.335746615886038,0,2,7.256088261887292,7.256088261887292
8.572979613500312,5.023160115023014,5.797723400565942,5.606932090797033,85.70163222334281,3.058091016432479,1,1,6.250198804971575,6.250198804971577
8.300986883588656,6.667495858455721,9.358917832961009,8.075064840194333,80.39526070453519,6.709273199845184,0,1,8.100616353799929,8.10061635379993
6.399669484729714,6.990843467954717,6.096069936790221,8.87316890318894,65.46863589313911,2.998682836239885,0,3,7.089937948165899,7.0899379481658995
9.774326403315971,7.686978014689615,9.879326279095658,8.219521267705654,91.18951921106472,3.8950299069359375,1,1,8.890037991201725,8.890037991201725
8.689484583478842,9.599278082063805,6.684478958855534,7.651510666245791,97.75302557424943,8.632378806413357,1,1,8.156188072660992,8.156188072660994
7.771770262557004,6.731729971829807,5.9105895784434965,5.209756117158181,91.05991412751132,7.559752980429522,1,2,6.405961482497122,6.405961482497123
8.058603731171761,6.734766009481138,8.948492535712395,9.84244388797192,50.078255259573645,1.858593495818896,0,3,8.396076541084303,8.396076541084303
7.09800031213895,8.687506240548743,8.29353887750438,8.993570958272873,81.82006850917035,4.858318188877902,0,1,8.268154097116238,8.268154097116236
6.238654947505787,7.261089704449036,7.490978582265695,6.464110183504824,52.55676907210504,1.26252787280738,0,1,6.863708354431335,6.8637083544313375
6.779863393256308,6.12302411469991,7.776817754688157,9.899851646794254,62.880361016686095,5.328011319427081,1,3,7.644889227359657,7.644889227359658
8.789230552321845,7.262197580663467,8.596008891361318,8.009407948181611,52.97623501738858,6.9619061053096125,1,4,8.16421124313206,8.164211243132062
5.071967443148779,5.704285101898999,6.142273706656494,7.912113291036232,80.18977264746938,2.066523612383364,1,3,6.207659885685126,6.207659885685127
5.580363202534581,5.8819349325311165,9.98166958028371,8.740365897147662,84.32949567463034,3.5999644501824912,1,2,7.546083403124268,7.546083403124268
5.230013210108764,7.4918388636973985,9.873965810733916,9.058848940450687,55.72438190329525,4.580529629519413,0,4,7.913666706247691,7.913666706247692
5.203644011594851,7.094627247522739,8.251628431734684,8.282393036657513,69.19194415224898,9.275779221904449,0,0,7.208073181877447,7.208073181877448
9.277302920055035,9.5742295053405,5.997712254645726,5.640478731831,72.8118254477771,9.939295138806676,0,3,7.6224308529680656,7.622430852968067
8.518289296900118,6.811969495583165,8.401141212156457,6.691337529972492,68.45265108804583,1.4042016909605426,0,2,7.605684383653058,7.605684383653058
7.370869145436626,7.902941751390218,5.360992044895879,9.640418201630249,56.05125002425965,7.849071311458529,1,4,7.568805285838243,7.568805285838245
5.489170803255007,8.161321439597652,5.15326251102903,6.12307805921926,70.94738950937378,4.3455165976210886,1,3,6.231708203275238,6.231708203275239
7.458079375584162,5.065472282941668,6.288414442556069,6.860835119187566,87.55890239042091,4.5321236760653205,1,1,6.418200305067366,6.4182003050673675
7.367358853902829,8.317686860083553,7.313114783696582,7.16038441472098,53.55038322666277,7.788384760123204,0,3,7.539636228100986,7.539636228100988
5.866009349550076,5.890179834348757,9.341362527041902,7.1970249484722615,54.00900070409517,9.265837889308678,0,0,7.073644164853249,7.07364416485325
7.169258246189865,9.805351587347277,8.635845348831541,8.064697912472628,67.73856459179922,9.558357350522936,1,3,8.418788273710327,8.418788273710328
6.992523671986867,5.7433136387655646,8.713532605999905,9.71537918872354,97.08628558094624,6.194103274344887,1,4,7.791187276368969,7.791187276368969
8.079250490261082,7.073120618635119,7.127466672240377,6.203463559162525,83.42863233614571,4.214090433704525,0,4,7.120825335074776,7.120825335074777
8.175468254338218,5.426748340393219,6.729674962734815,5.60750688150459,83.93349783362824,8.087941772729014,1,3,6.484849609742711,6.484849609742712
5.226520048860222,9.984371259229736,6.855193814923013,5.987352449299687,68.09599954189325,3.2590124493607022,0,4,7.013359393078165,7.013359393078166
6.873063073132356,7.510975051656213,9.938247818680289,9.434624501046349,79.68303956042692,6.07666625950166,0,1,8.4392276111288,8.439227611128802
8.129299578571182,7.976925086600219,5.200545957062412,8.229054063276031,50.50655920138717,4.227206153723858,0,3,7.383956171377461,7.383956171377462
7.515681292900439,5.335382386942137,9.335157480612242,6.4295339461958,81.80480232047711,6.909679663370885,1,1,7.153938776662654,7.153938776662654
9.28244920594161,8.74980235199589,7.893377042861967,9.079734694843086,95.66434737881184,3.163590216041562,1,1,8.751340823910638,8.75134082391064
8.293468158094726,6.049527965477929,7.193077095947952,9.30684998181718,80.62867341724096,2.724336511613432,0,2,7.710730800334447,7.7107308003344475
5.8146721354071484,9.490271447203568,8.626288302075682,9.23257169345139,93.68492967331724,9.264151780078931,1,3,8.290950894534447,8.290950894534447
5.352843737002149,6.025698202410036,7.433344707123514,9.594632668197772,86.19865277330469,1.916233146545832,0,4,7.101629828683367,7.101629828683368
8.212096391031578,5.953438603318332,9.367116190408304,6.261205100866808,56.02792082018451,5.5536211696143845,0,1,7.448464071406255,7.448464071406257
5.132556552708109,5.182748339240474,9.503509320056292,8.775209643731392,95.12266536429208,2.9876750466670803,0,2,7.148505963934067,7.148505963934067
7.928877906367316,7.360334725549996,7.108604634367277,7.3026974863707,53.322192217788746,1.350369669931007,0,3,7.425128688163823,7.4251286881638245
9.701151207124788,7.824205666313082,6.384138986175258,9.209992764450307,76.6983736273882,1.3241693646228376,1,3,8.279872156015859,8.279872156015859
7.877370889379395,5.328543197141762,7.961751642966811,8.642453385808066,57.10685618967288,2.576995948952446,0,0,7.452529778824008,7.45252977882401
6.940849631032609,8.877638083475052,9.561816728083455,8.882237232498623,50.5853305365452,8.800933190554002,0,0,8.565635418772436,8.565635418772438
8.216441092211767,7.266444173740139,6.053310945028333,8.280809188405357,71.10171300638194,3.54230869579324,1,1,7.454251349846398,7.454251349846399
7.291264452457583,7.6219513466379,8.114832917817413,5.887143847348535,64.75203538270782,9.55413253517766,0,0,7.228798141065358,7.228798141065359
7.728083946579675,7.20381373469114,8.157801100462603,7.725134594484691,74.30002468988015,6.234600636902742,0,1,7.703708344054528,7.703708344054529
9.707324043882624,7.00381530437663,8.665565112076404,9.92334869762254,78.85999433672754,4.929527707918895,1,4,8.82501328948955,8.825013289489549
6.930513189003872,7.79820165654109,5.6578384256363,9.686940332485594,52.186953615447365,6.220799512025091,1,1,7.518373400916714,7.518373400916715
9.805952819119572,5.776201229653562,8.579124823410442,5.215868678985059,56.15016475618728,5.65028546703641,1,0,7.344286887792158,7.34428688779216
9.52675320978032,5.909640652476355,9.545162603328205,5.824074078647186,77.93211982252127,7.828986283815927,0,4,7.701407636058017,7.7014076360580175
5.978955673946482,9.308928105067588,5.898415544351209,5.65864386727281,67.15836765863291,3.5424645937556702,1,0,6.711235797659521,6.711235797659524
5.346806504375827,9.730577310668163,6.187716624619388,8.629899549926478,86.45867437747239,4.177453524402722,1,1,7.473749997397464,7.473749997397464
5.503890006887133,6.866546581398765,9.856975470208198,9.088926649284726,82.614582429597,9.046848722799256,0,2,7.829084676944706,7.829084676944706
5.091109128257749,6.353723365717769,5.904884763547448,6.067556831553359,92.28021814949534,9.518108618353647,0,3,5.854318522269082,5.854318522269082
5.472214803779642,8.219997716195078,9.271925466847897,7.529263464759145,84.62464133346126,9.033024047378271,0,0,7.62335036289544,7.62335036289544
8.415033867081785,7.0436708554904826,7.461389282240174,9.203515140056,71.49655386950741,4.775031945615822,0,1,8.03090228621711,8.030902286217112
5.355943242301145,5.126931778301724,6.236155372015885,8.664007723831253,83.64833111972162,8.023289527061936,0,4,6.345759529112502,6.345759529112502
6.594878151468807,5.780762986830952,9.353749506362558,7.711186027459242,63.76905871277093,5.287021599709889,1,0,7.36014416803039,7.360144168030391
9.224376554847272,8.579861144236988,7.226526275013327,7.951738452293864,65.31567493891063,5.477858669314919,1,0,8.245625606597864,8.245625606597864
5.116359678679129,8.294619709550757,7.574086769648451,7.5418027345814,89.44925799603966,2.8421209815155555,1,3,7.131717223114934,7.131717223114935
9.072342412944678,5.135479962517417,6.796166846998828,6.487742256594103,72.32097582007911,6.320172729326648,0,1,6.872932869763757,6.872932869763758
6.409273873867,6.109860809664747,7.964754257174637,7.82510996429508,89.91901702591763,2.6752230797801317,0,2,7.077249726250366,7.077249726250367
5.590824138108282,6.1553739829403575,5.817619362925114,8.444426510250453,91.12111868341393,3.984082291604744,0,4,6.502060998556052,6.502060998556052
8.483685826820754,8.359463717993641,6.955407683258803,9.366614579304038,92.8781168830642,8.695271814579417,1,1,8.291292951844309,8.29129295184431
8.14471423389942,5.098552688771821,9.847061611676438,8.18145676989624,95.83176179206036,2.863682282897697,1,4,7.817946326060979,7.81794632606098
9.387360067635264,5.520542909922869,6.2906671635056375,8.80560768521579,71.5492610256648,1.6404245665608954,0,0,7.501044456569891,7.5010444565698915
8.67535521901943,8.999580426865947,8.28368332270646,5.800358174772865,65.94334091605694,1.6210683335153466,1,3,7.939744285841175,7.939744285841177
9.017404651924242,5.892723310271668,6.625950321123474,7.307787372098949,79.1099373297057,9.46706068452797,0,3,7.210966413854583,7.210966413854584
6.410172862856532,8.263730539259374,8.867365628433003,5.046658099135467,68.55862117188138,5.562283941656512,1,2,7.146981782421094,7.146981782421095
5.887197718898614,6.190913905233632,5.654368303591749,6.233394322608115,80.05370834001165,4.684708646353165,1,3,5.991468562583027,5.991468562583028
8.753073758204291,5.497206963796726,9.849105225392725,8.632308575565023,85.27929313219123,8.297907229071265,1,0,8.18292363073969,8.182923630739692
9.03417369633632,6.21586095499727,7.268947706918196,9.959049756746818,84.42025092460685,8.522433351194644,0,2,8.119508028749651,8.119508028749651
9.952525710003368,8.611334659278295,6.18025231673232,5.495890497936079,68.72764435100606,3.989719298040441,1,1,7.560000795987516,7.560000795987517
7.063088384557132,9.27848234053143,5.367483736650064,7.007471579306442,58.34301008493764,7.242562517264157,1,3,7.179131510261266,7.179131510261269
6.860090428963916,9.15109932283496,5.848789525437704,9.000354843495797,71.52646692311038,7.940105342666979,0,2,7.715083530183094,7.7150835301830964
8.882064803709984,6.985917648092274,7.598869742780089,6.020178173144494,57.12970720409544,6.891856181793591,1,0,7.371757591931709,7.371757591931712
6.704017701265089,8.34042568285323,6.685015882156431,7.775424746511431,94.50485175919042,2.3643556732008943,0,4,7.376221003196546,7.376221003196545
9.653786628017825,6.024921477079105,9.144416829413046,8.665356480148374,67.29387303689288,8.882947751653514,0,4,8.372120353664586,8.372120353664588
9.29206375921506,6.465738651305067,7.1544376183090295,8.079927251300894,57.72298736116619,5.851850974624078,0,0,7.748041820032513,7.748041820032514
7.144970136875092,9.4816790926056,6.24357136293815,5.940123673077081,51.272387995287545,3.542251837330033,0,0,7.20258606637398,7.202586066373983
8.754355338957486,5.06500961755368,8.08572493302015,6.7769228434286966,82.29111931432422,4.827053668939245,0,4,7.170503183240004,7.170503183240004
8.772714370423412,5.42754265427234,8.533886084427229,8.918958922426986,81.84511587273715,1.3381398135901663,1,2,7.913275507887493,7.913275507887493
5.515619344179664,6.039431275730136,5.835209539504749,7.771132570660083,67.03020832906458,2.150801211001758,0,4,6.290348182518658,6.2903481825186605
9.512764533397831,5.132661019369099,5.838096081441588,5.026148067714564,53.58559444238255,7.8899207546427474,0,0,6.377417425480772,6.377417425480773
7.526261862239286,5.907177175448987,5.183357134667715,8.804953800140469,70.4814447447616,1.0001047127982954,0,3,6.855437493124114,6.855437493124115
9.13228733053871,7.91520780484846,8.682010075328202,5.176556774701195,65.56087475316968,4.749092456340629,0,1,7.726515496354143,7.726515496354144
6.600248005153059,7.107122752962489,8.319022638109026,8.728668913656161,83.85603198675047,5.702591629770296,1,3,7.688765577470184,7.688765577470184
9.477616142481002,9.463358555384875,7.373154378749069,6.012402800826187,80.28896247263452,1.4917097800087509,0,3,8.081632969360284,8.081632969360284
6.946008393670816,9.087217808692206,9.220852244845986,9.7903674005969,68.229686409877,9.757703466750996,1,0,8.761111461951478,8.761111461951478
5.054188257401492,6.70908675848938,9.028350764750266,6.839703756510422,60.894627712749504,3.0351279812470477,0,4,6.907832384287891,6.907832384287891
9.52690988209632,6.297117167156463,7.926771821983761,6.634658081690396,99.4017983077796,3.737788476726528,1,2,7.596364238231735,7.596364238231736
5.456433383930667,6.898462040836335,9.341356402566294,5.744440251662224,72.70008105980574,3.735482610295246,0,3,6.86017301974888,6.86017301974888
6.596568187952075,7.951474712574038,6.029206050183841,6.528021077451074,84.41371178901186,3.073749959056149,0,4,6.7763175070402575,6.7763175070402575
9.750309835254026,6.340318204114381,5.55959809698864,9.383253809141005,57.02764837891804,1.0132643987768026,1,2,7.758369986374513,7.758369986374514
9.75303573468778,8.12074453924567,6.348748057584948,9.981671688136236,74.27948498296989,7.564103146791967,0,3,8.551050004913659,8.551050004913659
7.86718944061643,7.047058260956202,5.285434280446574,6.841547652534242,51.37683599347327,9.701609498193568,1,2,6.760307408638362,6.760307408638364
8.159186060848995,7.760235904259901,7.65584764000516,7.243053154772713,75.2727558955225,3.0186413495654056,0,4,7.704580689971692,7.704580689971692
7.242227609891598,7.180632645676583,9.683028461474809,8.610354691013686,98.20087035588512,6.967424726230802,1,1,8.179060852014167,8.17906085201417
6.466053858490323,6.472328797709588,5.196717703342548,9.430978902325371,69.21033564929002,7.677066942628436,0,4,6.891519815466958,6.8915198154669595
6.64332272684958,9.742266534810785,5.610549570050134,7.96522167093392,51.94980062874558,8.635828411814723,0,0,7.490340125661104,7.490340125661107
8.362592280385192,8.818028970798803,7.260995141417176,6.957628490889147,51.54778954596718,4.803662773122483,1,2,7.849811220872579,7.8498112208725805
8.761872647188401,5.700565878832263,9.669375087639525,7.063109204243119,69.39933799734348,3.726378150763863,0,1,7.798730704475827,7.798730704475829
8.957895218629243,9.342339879489565,6.580780524883752,8.478090732484034,58.0012468231597,3.92765620620728,0,2,8.339776588871649,8.339776588871649
8.94809071397277,7.437155991247568,7.536174043441962,5.0160913180213935,51.167604816409295,7.413591997886615,0,2,7.234378016670924,7.234378016670925
5.456030515243452,9.472761134470456,5.2078642952519605,8.097946687299203,87.81068069750884,8.351015198550725,0,3,7.058650658066267,7.058650658066268
7.472101523512907,8.999276279736577,5.741716004810444,6.777465052206787,72.92615044409453,2.634525709809424,0,0,7.247639715066679,7.247639715066679
5.287793800083222,7.126067522346167,9.933150614794236,8.97098665638542,64.46223859863272,4.338469073419887,0,2,7.829499648402261,7.829499648402262
7.747644411618678,5.112346541600587,9.825593482180228,5.46495319911566,95.00415915082404,9.11746177074235,1,4,7.037634408628788,7.037634408628789
7.207652506866885,6.34338679692473,5.024699904672048,7.941011334741953,55.80694801002628,8.260241677252653,1,4,6.629187635801404,6.629187635801406
9.4385209137915,7.708171073304335,9.759058927116197,7.404864449430619,97.79594144776595,9.863725624862283,1,3,8.577653840910662,8.577653840910662
6.754575062760393,8.167391099130736,8.195599689077502,8.211627629526138,65.69833586886764,7.788234337138727,0,0,7.832298370123692,7.832298370123694
5.585335082138029,6.289438427166012,9.33959147260011,5.324267972414842,94.42018361543408,4.5387568092513,1,0,6.634658238579749,6.634658238579749
5.714958410264179,5.69678037036412,7.273699278169295,7.899918937140656,80.14714382397308,6.31574050595174,0,4,6.646339248984562,6.646339248984564
8.80755315858736,9.174651183996495,7.577980142896251,7.807422939797618,91.33536798707436,6.949128288225882,0,1,8.341901856319431,8.341901856319433
8.091090316581305,9.92201090351776,7.444232901284601,7.8033004720808545,99.2006581605232,1.7061023468541157,0,3,8.31515864836613,8.31515864836613
5.505613380613951,7.628450911513429,8.334321287730521,8.017438332982273,64.42027189093729,5.900472631934786,0,3,7.371455978210044,7.371455978210045
5.420534030574987,5.858396429241518,5.698256273781564,8.382339686131811,98.05677427037963,7.383887456253486,1,4,6.3398816049324695,6.33988160493247
8.5048456572956,6.361536632596845,5.14986794936339,9.02494499840385,69.47409474512102,2.505891736009543,0,4,7.2602988094149215,7.260298809414922
5.363815031820968,5.0919533827373336,6.539649707955954,6.349103600641072,69.27559523684612,8.025685456830015,1,1,5.836130430788832,5.836130430788834
9.109300296451782,9.571494032802494,8.523403813683235,9.12524705090031,67.01935521272529,6.253955024627005,0,1,9.082361298459457,9.082361298459455
8.531211135782481,5.588755414450706,6.009267260614742,7.491278411317268,77.07038036737926,9.569996071278352,1,0,6.905128055541299,6.905128055541301
5.406743903209499,7.882582377571268,8.367162166624587,5.385291395671656,57.70725215892436,1.3818006838620254,1,3,6.760444960769252,6.760444960769253
5.42418857042596,6.37027610343603,9.849560230536351,5.292754646219896,77.68557426790056,3.3879352379992027,1,3,6.73419488765456,6.734194887654559
9.933197892505875,7.770890012578967,5.469503578947092,6.671191593480303,77.0852406205002,6.413984913698417,1,4,7.46119576937806,7.46119576937806
6.8713539787806015,8.257101941759322,8.363010591125631,8.924484885557337,88.0950906302435,3.669039209853376,1,0,8.103987849305724,8.103987849305723
6.853210735334455,9.148709018536008,7.218751096522856,8.538404673704578,91.68249809687929,7.42981747664118,1,3,7.939768881024474,7.9397688810244755
9.063997836287513,6.032106358803016,9.340711271887526,8.943074823362032,72.0220675156212,7.831047542697379,0,0,8.344972572585021,8.344972572585023
9.736242886919293,5.054979143292402,5.885748947236929,7.586345282208047,65.11666246757468,1.9226436765982704,1,0,7.065829064914168,7.06582906491417
9.930005319114354,5.684428150344036,8.463129761130823,7.200994989777453,62.96674486585472,5.624690177860909,0,4,7.819639555091666,7.819639555091668
8.766890926294709,9.500093209240523,9.190576448240552,5.73726263353142,59.73119183524359,5.580015000319503,1,0,8.2987058043268,8.298705804326802
6.881297927654579,9.369450387812575,9.723071097370116,6.640963768046557,52.882379109951245,4.3235269319398695,0,1,8.153695795220958,8.153695795220957
5.417503583493344,7.987065510851542,8.41624014144823,7.170096830869376,67.12239894173567,9.396323763127048,1,1,7.247726516665622,7.247726516665623
8.885734579637184,8.002584302168266,7.485873820042137,5.443002148398087,63.512384606539165,8.44755687885899,1,2,7.454298712561418,7.45429871256142
7.792021248679025,8.325183372731278,8.08923620100607,6.103059763556056,98.32086929332036,7.274884437186731,0,4,7.577375146493107,7.577375146493107
7.1211100462348815,5.876856393117248,9.34452492239359,7.991126470318694,77.8854413125022,7.428939721614978,1,2,7.583404458016104,7.583404458016106
9.53177192547368,9.5720597296248,7.853048733194148,8.678315571195949,67.36385195152538,5.155445294318072,1,1,8.908798989872146,8.908798989872144
5.555987411530757,7.093852624460366,5.151935298484184,9.991737556964749,79.0233800496848,9.288950689869182,1,2,6.948378222860013,6.948378222860016
7.463125521454295,6.915692641247487,9.65474347753489,9.66556665671779,56.95983506728477,7.251358845279569,0,4,8.424782074238616,8.424782074238617
5.056768223837096,7.594588526414188,8.447633755157806,8.212825997675957,72.20218746011014,7.560829554902348,1,4,7.327954125771262,7.327954125771263
7.343303209970632,5.234829833875275,8.382566928886233,7.10624026647036,81.31171607105318,8.755218134086107,0,0,7.016735059800624,7.016735059800626
5.2815163784091865,5.8314168437803975,6.078375761988585,8.180886823541163,74.44489158962257,3.4666443040797192,1,3,6.343048951929834,6.343048951929834
5.594089581340359,8.690168082131851,8.294427351163286,8.92825809040116,70.08894003271621,8.263638134800328,1,0,7.876735776259164,7.8767357762591645
5.587631233885524,5.413993339625632,6.969322028270792,5.591680954616937,99.6924194449849,2.757165426608428,0,4,5.890656889099721,5.890656889099722
8.246051510580319,8.01576054733194,8.256164885207461,7.049524448481441,94.01573810744635,4.1080775702039904,1,1,7.89187534790029,7.8918753479002905
8.730224396327117,6.226745548406605,5.532965151539954,9.199011428178084,81.17029790797201,4.020494088428585,1,1,7.42223663111294,7.42223663111294
7.916843825485798,6.946478070209883,8.28922652301518,6.91916475966522,78.46886805911414,9.806729215502266,0,0,7.51792829459402,7.517928294594022
9.81086274237271,6.443468683853499,9.997068628853333,7.859361356135933,81.0330239912292,8.708835013731342,1,4,8.52769035280387,8.52769035280387
6.87435289761852,6.7783635823247455,5.24106019430278,7.938846804310991,60.06560539112167,7.310528754312338,0,1,6.708155869639259,6.708155869639261
6.428560431409304,8.595229525921226,9.885870921106587,5.9223812656681964,69.75688716321594,7.543510854538511,0,4,7.708010536026328,7.70801053602633
9.3429956409473,6.485608578115875,7.0345398036143525,6.811177208261442,51.97297664454496,6.05865514962314,0,1,7.418580307734743,7.418580307734744
6.117979192597263,7.832023201484485,9.353767251686296,6.672556443709661,73.77730187434133,9.523816003976671,1,4,7.4940815223694255,7.494081522369428
9.816112697203057,7.380252010995498,8.911927420291367,5.130983542660324,77.15122919788315,5.466328775941254,0,2,7.809818917787561,7.809818917787561
5.0607723734490815,8.31835582681324,7.835081304933339,5.120958819456776,61.38748680516048,4.424659388829051,0,4,6.583792081163109,6.58379208116311
9.849394133538194,9.68414869662379,8.692246046256633,9.158485218378868,98.20144235827568,2.467318032384319,1,4,9.346068523699373,9.34606852369937
5.215799559752881,8.662860486051251,9.39257780650674,6.365354049864062,95.4727305468621,8.075850870349523,0,0,7.409147975543734,7.409147975543734
9.455715568490357,6.074701892953784,7.020701608255164,7.590393831194078,86.1071617727953,7.609995388680323,1,2,7.535378225223345,7.535378225223347
7.638505545431499,5.155915675306424,6.635165807816193,6.493627867943865,76.66933143826813,4.459195346717214,1,3,6.480803724124495,6.480803724124496
9.964823980596504,6.311320221499125,8.337966927817924,9.703396225576704,93.49845798238424,1.2267407256330642,1,0,8.579376838872564,8.579376838872564
5.368982823676994,7.975389653501274,9.039229709706293,6.296483794328869,56.532617191173145,8.550975949462096,1,3,7.170021495303357,7.1700214953033585
7.769271422006604,5.257129067421252,8.811425673883079,7.148284063694676,89.52548971374425,1.1027618510866626,0,1,7.246527556751403,7.246527556751403
9.846512678095497,7.481831236006181,8.989068244293172,9.36365125242301,56.24104069834242,7.333298016661459,0,3,8.920265852704464,8.920265852704468
7.615489220850744,7.984214244584447,7.177916574064665,9.209667833959044,89.71053312747027,9.732313987534514,0,4,7.996821968364724,7.996821968364725
8.146993190676312,6.671219454084804,9.089171080875108,5.930507089231386,63.78837841256785,4.938951953333831,0,3,7.459472703716902,7.459472703716904
8.478743444923087,8.85456101872911,5.601045276853042,9.013216548978551,93.85452905090943,3.114760644963575,0,0,7.986891572370948,7.986891572370947
7.272705323838866,5.532991265668859,7.722445489804247,7.290934433689463,97.2021046912699,7.343839090390436,1,0,6.954769128250359,6.95476912825036
8.137790400420318,5.375688908679043,5.028793302490608,7.414844360426776,57.43979847025578,8.354153278140267,0,3,6.489279243004186,6.489279243004188
7.921571559615501,8.640943781018017,6.622929149501351,5.667399862079719,73.13378025326968,5.917872844700626,0,0,7.213211088053647,7.213211088053648
9.505790052454945,7.477456581030992,6.83230767435699,5.403007568785624,99.04936890813426,9.703317477305315,0,0,7.304640469157137,7.304640469157139
5.227231901707289,8.44201198213868,6.980863458046277,8.639696534868825,74.17037179865733,1.46501849492165,1,3,7.3224509691902675,7.322450969190268
6.404815947961152,7.174136693018731,8.477336033449312,7.482305761776499,93.17737612572724,5.543160384740753,1,2,7.384648609051423,7.384648609051425
9.752057420382794,6.232010166195535,6.942790506351729,7.184253513075898,79.436576106566,7.466085525902951,0,2,7.527777901501489,7.52777790150149
9.451318919454582,9.095511588370998,7.243468113112653,8.647541143261984,68.76649539598009,8.76376424034261,1,1,8.609459941050055,8.609459941050055
7.278283763928565,8.997079394844896,6.187720654371637,8.82756449495555,64.28917777629351,2.6133005071701105,0,0,7.822662077025162,7.822662077025163
8.100662989007684,8.473482354272134,6.8662589581467,5.794540838346768,60.16115455430436,8.200031335873133,0,3,7.308736284943322,7.308736284943323
6.386905914905663,6.360725686149813,6.136348136315757,8.051125747388205,88.08990956888486,5.974363681466907,1,0,6.73377637118986,6.73377637118986
5.940605798618806,7.9511533343454355,5.365979618842218,5.676770411388428,69.3270253411514,4.568983137909669,1,4,6.233627290798722,6.233627290798723
7.318492024699911,6.804869484700134,8.01724296690689,8.756875430145229,75.56377311003756,2.185435257211842,0,0,7.72436997661304,7.724369976613041
6.766761140130264,5.457910366633171,8.341063992775082,8.284775781335698,74.6162740000591,8.787661830180213,0,0,7.212627820218554,7.212627820218555
7.91828055925436,9.586567877311214,8.097451730048073,9.78307310541729,78.86395146165657,2.415458873617438,1,2,8.846343318007733,8.846343318007735
5.388673184824924,5.684093154594807,7.317470219002862,5.344790081782106,93.2788572812276,3.788090732881893,0,3,5.933756660051175,5.933756660051175
9.871974038330832,9.751186769104011,6.8989289008961485,5.285273605756272,99.03696717917148,3.610409787661932,1,0,7.951840828521817,7.951840828521816
9.931053722398016,7.230028864789778,9.316668247859129,6.410935373466001,70.37921042869084,8.842726307717689,0,2,8.22217155212823,8.222171552128232
